month,vwretd
200001,-0.039622
200002,0.031760
200003,0.053499
200004,-0.059519
200005,-0.038863
200006,0.051576
200007,-0.017679
200008,0.074984
200009,-0.051154
200010,-0.024480
200011,-0.102365
200012,0.020449
200101,0.039573
200102,-0.099084
200103,-0.070408
200104,0.083834
200105,0.010442
200106,-0.017561
200107,-0.018284
200108,-0.058980
200109,-0.091497
200110,0.027847
200111,0.078789
200112,0.017854
200201,-0.015966
200202,-0.021700
200203,0.044698
200204,-0.049600
200205,-0.010510
200206,-0.070259
200207,-0.081124
200208,0.007949
200209,-0.099923
200210,0.074940
200211,0.061281
200212,-0.053335
200301,-0.023367
200302,-0.015417
200303,0.010321
200304,0.082768
200305,0.063471
200306,0.016346
200307,0.023112
200308,0.024965
200309,-0.009120
200310,0.060361
200311,0.016594
200312,0.045476
200401,0.023042
200402,0.015443
200403,-0.010662
200404,-0.024222
200405,0.014068
200406,0.021611
200407,-0.037698
200408,0.002703
200409,0.020556
200410,0.017806
200411,0.048214
200412,0.035170
200501,-0.026546
200502,0.022646
200503,-0.016944
200504,-0.025206
200505,0.037954
200506,0.011529
200507,0.043357
200508,-0.005958
200509,0.010600
200510,-0.020866
200511,0.040326
200512,0.003458
200601,0.040072
200602,-0.001639
200603,0.019065
200604,0.013000
200605,-0.031032
200606,-0.000391
200607,-0.001912
200608,0.025041
200609,0.019425
200610,0.037153
200611,0.023737
200612,0.010857
200701,0.019387
200702,-0.014006
200703,0.012954
200704,0.039834
200705,0.038953
200706,-0.014747
200707,-0.031790
200708,0.011593
200709,0.040822
200710,0.025910
200711,-0.049362
200712,-0.004405
200801,-0.062218
200802,-0.021697
200803,-0.010444
200804,0.051199
200805,0.023935
200806,-0.078436
200807,-0.013413
200808,0.010597
200809,-0.098172
200810,-0.184833
200811,-0.084681
200812,0.022232
200901,-0.077471
200902,-0.100166
200903,0.086803
200904,0.109466
200905,0.067787
200906,-0.003019
200907,0.081779
200908,0.031510
200909,0.045281
200910,-0.028072
200911,0.057075
200912,0.028475
201001,-0.037172
201002,0.034744
201003,0.063668
201004,0.020036
201005,-0.079240
201006,-0.050780
201007,0.070360
201008,-0.042863
201009,0.091628
201010,0.038591
201011,0.005117
201012,0.067182
201101,0.019183
201102,0.038156
201103,0.003341
201104,0.028597
201105,-0.014948
201106,-0.018447
201107,-0.022534
201108,-0.057564
201109,-0.084983
201110,0.114146
201111,-0.006270
201112,0.003676
201201,0.054106
201202,0.041225
201203,0.024020
201204,-0.006829
201205,-0.065590
201206,0.038151
201207,0.010307
201208,0.026317
201209,0.026513
201210,-0.014055
201211,0.006217
201212,0.012569
201301,0.054142
201302,0.008282
201303,0.035295
201304,0.014939
201305,0.019128
201306,-0.015072
201307,0.052658
201308,-0.025750
201309,0.037497
201310,0.039888
201311,0.024956
201312,0.026140
201401,-0.030020
201402,0.046198
201403,0.004540
201404,0.001573
201405,0.020254
201406,0.027973
201407,-0.020555
201408,0.040205
201409,-0.025196
201410,0.021164
201411,0.021104
201412,-0.003659
201501,-0.027163
201502,0.055915
201503,-0.010397
201504,0.008766
201505,0.010277
201506,-0.019231
201507,0.012108
201508,-0.059926
201509,-0.033756
201510,0.073937
201511,0.002404
201512,-0.022209
201601,-0.057085
201602,0.000620
201603,0.070491
201604,0.011718
201605,0.014340
201606,0.002947
201607,0.038815
201608,0.002800
201609,0.003013
201610,-0.021544
201611,0.040488
201612,0.018763
201701,0.022153
201702,0.032598
201703,0.002062
201704,0.009655
201705,0.009335
201706,0.009571
201707,0.020277
201708,0.001600
201709,0.023729
201710,0.019275
201711,0.027231
201712,0.012122
201801,0.050577
201802,-0.039454
201803,-0.018421
201804,0.004679
201805,0.026146
201806,0.005359
201807,0.031573
201808,0.030226
201809,0.000425
201810,-0.074045
201811,0.018512
201812,-0.089890
201901,0.088294
201902,0.032724
201903,0.012962
201904,0.037893
201905,-0.061679
201906,0.067279
201907,0.011854
201908,-0.020339
201909,0.016033
201910,0.019257
201911,0.034999
201912,0.028489
202001,-0.001728
202002,-0.077918
202003,-0.141733
202004,0.129674
202005,0.053739
202006,0.025299
202007,0.055532
202008,0.068442
202009,-0.035056
202010,-0.020178
202011,0.123707
202012,0.045048
202101,-0.000631
202102,0.029196
202103,0.030573
202104,0.048190
202105,0.007092
202106,0.023422
202107,0.011828
202108,0.027146
202109,-0.042243
202110,0.064651
202111,-0.018351
202112,0.033341
202201,-0.059822
202202,-0.021838
202203,0.030506
202204,-0.089387
202205,-0.002113
202206,-0.083997
202207,0.090351
202208,-0.036233
202209,-0.091323
202210,0.077394
202211,0.052354
202212,-0.057120
202301,0.071823
202302,-0.024666
202303,0.023950
202304,0.008976
202305,0.000709
202306,0.066183
202307,0.035617
202308,-0.020608
202309,-0.047391
202310,-0.028865
202311,0.092053
202312,0.053603
202401,0.007560
202402,0.050583
202403,0.032450
202404,-0.042724
202405,0.046552
202406,0.026073
202407,0.019877
202408,0.021570
202409,0.020970
202410,-0.008299
202411,0.064859
202412,-0.031581
202501,0.032292
202502,-0.017566
202503,-0.055123
202504,-0.003610
202505,0.061267
202506,0.049246
202507,0.019791
202508,0.024122
202509,0.035626
202510,0.019284
202511,0.001997
202512,0.001297
