month,Mkt-RF,SMB,HML,RF
200001,-0.0474,0.0512,-0.011,0.0041
200002,0.0246,0.2134,-0.0973,0.0043
200003,0.0521,-0.1739,0.0848,0.0047
200004,-0.0639,-0.0603,0.0645,0.0046
200005,-0.0439,-0.0607,0.0458,0.005
200006,0.0468,0.1269,-0.0803,0.004
200007,-0.0248,-0.0282,0.081,0.0048
200008,0.0703,-0.005,-0.014,0.005
200009,-0.0544,-0.0172,0.0722,0.0051
200010,-0.0278,-0.0383,0.0564,0.0056
200011,-0.107,-0.0307,0.1225,0.0051
200012,0.0118,0.0085,0.0754,0.005
200101,0.0325,0.0639,-0.0506,0.0054
200102,-0.1003,-0.0064,0.1222,0.0038
200103,-0.0725,0.0027,0.0649,0.0042
200104,0.0793,0.0047,-0.0467,0.0039
200105,0.0068,0.0249,0.0339,0.0032
200106,-0.0194,0.0632,-0.012,0.0028
200107,-0.0213,-0.0406,0.0495,0.003
200108,-0.064,0.0219,0.0286,0.0031
200109,-0.0924,-0.0623,0.0152,0.0028
200110,0.0248,0.0749,-0.0731,0.0022
200111,0.0753,-0.0057,0.0217,0.0017
200112,0.0161,0.0472,0.0083,0.0015
200201,-0.0144,0.0117,0.0342,0.0014
200202,-0.023,-0.0108,0.0234,0.0013
200203,0.0424,0.0409,0.0108,0.0013
200204,-0.0521,0.0582,0.0401,0.0015
200205,-0.0136,-0.0327,0.0152,0.0014
200206,-0.0723,0.0408,0.0037,0.0013
200207,-0.0819,-0.0524,-0.0358,0.0015
200208,0.005,-0.0279,0.0296,0.0014
200209,-0.1034,0.0242,0.0127,0.0014
200210,0.0784,-0.034,-0.0374,0.0014
200211,0.0596,0.0325,-0.0123,0.0012
200212,-0.0576,-0.0003,0.0216,0.0011
200301,-0.0257,0.0134,-0.0084,0.001
200302,-0.0188,-0.0041,-0.0142,0.0009
200303,0.0109,0.0116,-0.0206,0.001
200304,0.0818,0.0075,0.012,0.001
200305,0.0605,0.0461,0.0063,0.0009
200306,0.0142,0.0169,0.002,0.001
200307,0.0233,0.0493,-0.0154,0.0007
200308,0.0233,0.0244,0.0164,0.0007
200309,-0.0124,0.0085,0.0014,0.0008
200310,0.0608,0.0259,0.0221,0.0007
200311,0.0135,0.0206,0.0172,0.0007
200312,0.0429,-0.0268,0.0151,0.0008
200401,0.0215,0.0254,0.0242,0.0007
200402,0.014,-0.0157,0.0095,0.0006
200403,-0.0132,0.0173,0.0023,0.0009
200404,-0.0181,-0.0173,-0.0323,0.0008
200405,0.0118,-0.0023,-0.0018,0.0006
200406,0.0185,0.0225,0.0121,0.0008
200407,-0.0404,-0.0375,0.0322,0.001
200408,0.0007,-0.0151,0.0107,0.0011
200409,0.016,0.0299,-0.0005,0.0011
200410,0.0142,0.0014,-0.0026,0.0011
200411,0.0453,0.0373,0.0157,0.0015
200412,0.0342,-0.0004,-0.0022,0.0016
200501,-0.0275,-0.0169,0.021,0.0016
200502,0.0188,-0.0059,0.0144,0.0016
200503,-0.0194,-0.0142,0.0208,0.0021
200504,-0.0261,-0.0395,0.0009,0.0021
200505,0.0365,0.0287,-0.0061,0.0024
200506,0.0058,0.0252,0.0286,0.0023
200507,0.0392,0.0287,-0.0078,0.0024
200508,-0.012,-0.0107,0.0134,0.003
200509,0.0048,-0.0062,0.0078,0.0029
200510,-0.0204,-0.013,0.0043,0.0027
200511,0.0361,0.0105,-0.0119,0.0031
200512,-0.0024,-0.0044,0.0015,0.0032
200601,0.0303,0.0546,0.0099,0.0035
200602,-0.003,-0.0041,-0.0031,0.0034
200603,0.0147,0.0339,0.0061,0.0037
200604,0.0073,-0.0138,0.0226,0.0036
200605,-0.0356,-0.0301,0.0238,0.0043
200606,-0.0035,-0.0035,0.0085,0.004
200607,-0.0077,-0.0396,0.0262,0.004
200608,0.0203,0.0099,-0.0195,0.0042
200609,0.0184,-0.013,0.0007,0.0041
200610,0.0322,0.0177,-0.0033,0.0041
200611,0.017,0.0063,0.0003,0.0042
200612,0.0085,-0.0116,0.0275,0.004
200701,0.0138,0.0009,-0.0068,0.0044
200702,-0.0196,0.0123,-0.0009,0.0038
200703,0.0071,0.0009,-0.0089,0.0043
200704,0.0349,-0.0221,-0.0144,0.0044
200705,0.0323,0.0016,-0.0058,0.0041
200706,-0.0196,0.0072,-0.0104,0.004
200707,-0.0372,-0.0269,-0.0371,0.004
200708,0.0094,-0.0013,-0.0189,0.0042
200709,0.0322,-0.0228,-0.0213,0.0032
200710,0.0179,0.0014,-0.0282,0.0032
200711,-0.048,-0.0281,-0.0109,0.0034
200712,-0.0087,0.0012,-0.0048,0.0027
200801,-0.0633,-0.0096,0.0402,0.0021
200802,-0.0309,-0.0046,-0.0071,0.0013
200803,-0.0094,0.0077,0.0034,0.0017
200804,0.0461,-0.0174,-0.0099,0.0018
200805,0.0187,0.0293,-0.0157,0.0018
200806,-0.0843,0.0116,-0.0249,0.0017
200807,-0.0075,0.0261,0.0521,0.0015
200808,0.0153,0.0339,0.0151,0.0013
200809,-0.0935,-0.0106,0.0565,0.0015
200810,-0.172,-0.0229,-0.0192,0.0008
200811,-0.0774,-0.0299,-0.0621,0.0003
200812,0.0177,0.0349,0.0002,0.00
200901,-0.0809,-0.0001,-0.1101,0.00
200902,-0.1014,0.0014,-0.0659,0.0001
200903,0.0901,-0.0009,0.0347,0.0002
200904,0.1017,0.0537,0.0537,0.0001
200905,0.0521,-0.0242,0.0043,0.00
200906,0.0042,0.0259,-0.0278,0.0001
200907,0.0774,0.0175,0.0489,0.0001
200908,0.0333,-0.0112,0.076,0.0001
200909,0.0408,0.0243,0.0115,0.0001
200910,-0.0253,-0.0426,-0.0417,0.00
200911,0.0563,-0.025,-0.0033,0.00
200912,0.028,0.0601,-0.0011,0.0001
201001,-0.0335,0.0043,0.0033,0.00
201002,0.0339,0.0118,0.0318,0.00
201003,0.063,0.0146,0.0219,0.0001
201004,0.0199,0.0484,0.0296,0.0001
201005,-0.079,0.0013,-0.0248,0.0001
201006,-0.0556,-0.0179,-0.0473,0.0001
201007,0.0692,0.0023,-0.0049,0.0001
201008,-0.0478,-0.0301,-0.0173,0.0001
201009,0.0955,0.0382,-0.0302,0.0001
201010,0.0387,0.0108,-0.0246,0.0001
201011,0.0059,0.0367,-0.009,0.0001
201012,0.0682,0.0072,0.0356,0.0001
201101,0.0198,-0.0229,0.0061,0.0001
201102,0.0348,0.015,0.0118,0.0001
201103,0.0045,0.0249,-0.0184,0.0001
201104,0.029,-0.0042,-0.0244,0.00
201105,-0.0127,-0.0073,-0.0185,0.00
201106,-0.0174,-0.0027,-0.002,0.00
201107,-0.0235,-0.0118,-0.009,0.00
201108,-0.0596,-0.0296,-0.0243,0.0001
201109,-0.0758,-0.0312,-0.0153,0.00
201110,0.1133,0.0305,0.0006,0.00
201111,-0.0027,-0.0018,-0.0052,0.00
201112,0.0075,-0.0056,0.0154,0.00
201201,0.0505,0.0201,-0.0093,0.00
201202,0.0442,-0.0184,0.0042,0.00
201203,0.0312,-0.0063,0.0119,0.00
201204,-0.0085,-0.0037,-0.0077,0.00
201205,-0.0617,0.0012,-0.0095,0.0001
201206,0.0389,0.0072,0.0055,0.00
201207,0.0079,-0.0276,-0.0006,0.00
201208,0.0254,0.0048,0.0125,0.0001
201209,0.0273,0.0045,0.0163,0.0001
201210,-0.0176,-0.011,0.0352,0.0001
201211,0.0078,0.006,-0.0087,0.0001
201212,0.0118,0.0149,0.0352,0.0001
201301,0.0557,0.0028,0.0101,0.00
201302,0.0128,-0.0029,0.0018,0.00
201303,0.0404,0.0083,-0.0021,0.00
201304,0.0156,-0.0237,0.0046,0.00
201305,0.028,0.0167,0.0271,0.00
201306,-0.012,0.0131,-0.0004,0.00
201307,0.0565,0.0182,0.0057,0.00
201308,-0.0271,0.0032,-0.0273,0.00
201309,0.0377,0.0289,-0.0118,0.00
201310,0.0417,-0.0156,0.0122,0.00
201311,0.0311,0.0131,0.0019,0.00
201312,0.0281,-0.0044,0.00,0.00
201401,-0.0332,0.0093,-0.0199,0.00
201402,0.0466,0.0036,-0.0035,0.00
201403,0.0043,-0.0186,0.049,0.00
201404,-0.0018,-0.0418,0.0122,0.00
201405,0.0205,-0.0185,-0.001,0.00
201406,0.026,0.0305,-0.0071,0.00
201407,-0.0203,-0.0417,-0.0008,0.00
201408,0.0424,0.004,-0.0058,0.00
201409,-0.0196,-0.036,-0.0147,0.00
201410,0.0251,0.0402,-0.0167,0.00
201411,0.0256,-0.0205,-0.0313,0.00
201412,-0.0005,0.0252,0.0211,0.00
201501,-0.031,-0.0061,-0.0348,0.00
201502,0.0613,0.0064,-0.0175,0.00
201503,-0.0111,0.0306,-0.0038,0.00
201504,0.0059,-0.0298,0.0181,0.00
201505,0.0137,0.0096,-0.011,0.00
201506,-0.0152,0.0295,-0.008,0.00
201507,0.0157,-0.0417,-0.0416,0.00
201508,-0.0602,0.0037,0.0275,0.00
201509,-0.0306,-0.0263,0.0055,0.00
201510,0.0775,-0.0191,-0.0046,0.00
201511,0.0057,0.0358,-0.0043,0.00
201512,-0.0215,-0.028,-0.0257,0.0001
201601,-0.0574,-0.034,0.0208,0.0001
201602,-0.0006,0.0073,-0.0061,0.0002
201603,0.0695,0.0075,0.0123,0.0002
201604,0.0092,0.0077,0.0322,0.0001
201605,0.0178,-0.0018,-0.0162,0.0001
201606,-0.0003,0.006,-0.0149,0.0002
201607,0.0394,0.0247,-0.0127,0.0002
201608,0.0049,0.0119,0.0317,0.0002
201609,0.0027,0.0209,-0.0122,0.0002
201610,-0.0201,-0.0441,0.041,0.0002
201611,0.0486,0.056,0.0832,0.0001
201612,0.0181,0.0013,0.035,0.0003
201701,0.0194,-0.0116,-0.0274,0.0004
201702,0.0355,-0.0213,-0.0152,0.0004
201703,0.0017,0.0113,-0.0333,0.0003
201704,0.0108,0.0068,-0.0208,0.0005
201705,0.0107,-0.0251,-0.0382,0.0006
201706,0.0079,0.0222,0.0151,0.0006
201707,0.0188,-0.0145,-0.0023,0.0007
201708,0.0018,-0.0167,-0.0213,0.0009
201709,0.0249,0.0445,0.0315,0.0009
201710,0.0226,-0.0193,0.0013,0.0009
201711,0.0312,-0.006,-0.0009,0.0008
201712,0.0106,-0.0132,0.0005,0.0009
201801,0.0558,-0.0316,-0.0132,0.0011
201802,-0.0364,0.0027,-0.011,0.0011
201803,-0.0235,0.0405,-0.0021,0.0012
201804,0.0027,0.0109,0.0053,0.0014
201805,0.0266,0.0524,-0.0314,0.0014
201806,0.0049,0.0111,-0.0233,0.0014
201807,0.032,-0.0222,0.0047,0.0016
201808,0.0345,0.0117,-0.0393,0.0016
201809,0.0006,-0.0229,-0.0168,0.0015
201810,-0.0765,-0.0467,0.0343,0.0019
201811,0.0171,-0.0072,0.0034,0.0018
201812,-0.0955,-0.0233,-0.0188,0.0019
201901,0.0837,0.0273,-0.004,0.0021
201902,0.0342,0.0205,-0.0266,0.0018
201903,0.011,-0.0306,-0.0416,0.0019
201904,0.0397,-0.0169,0.0213,0.0021
201905,-0.0692,-0.0122,-0.0236,0.0021
201906,0.0699,0.001,-0.0072,0.0018
201907,0.0123,-0.0196,0.005,0.0019
201908,-0.0255,-0.0239,-0.0477,0.0016
201909,0.0141,-0.0097,0.0676,0.0018
201910,0.0207,0.0027,-0.0192,0.0015
201911,0.0387,0.0072,-0.02,0.0012
201912,0.0277,0.0076,0.0173,0.0014
202001,-0.0011,-0.031,-0.0622,0.0013
202002,-0.0815,0.0108,-0.0382,0.0012
202003,-0.1337,-0.0469,-0.1383,0.0012
202004,0.136,0.025,-0.0134,0.00
202005,0.0557,0.024,-0.05,0.0001
202006,0.0245,0.0267,-0.0217,0.0001
202007,0.0583,-0.0235,-0.0144,0.0001
202008,0.0762,-0.002,-0.0302,0.0001
202009,-0.0364,0.0006,-0.0272,0.0001
202010,-0.0208,0.0434,0.0425,0.0001
202011,0.1245,0.0581,0.0209,0.0001
202012,0.0463,0.0501,-0.0168,0.0001
202101,-0.0007,0.0714,0.0322,0.00
202102,0.0281,0.0202,0.072,0.00
202103,0.0317,-0.0233,0.0735,0.00
202104,0.0495,-0.0319,-0.0102,0.00
202105,0.003,-0.002,0.0704,0.00
202106,0.0274,0.017,-0.0786,0.00
202107,0.0134,-0.0393,-0.018,0.00
202108,0.0294,-0.0032,-0.0023,0.00
202109,-0.044,0.0066,0.0512,0.00
202110,0.0663,-0.0226,-0.0053,0.00
202111,-0.0158,-0.0131,-0.0037,0.00
202112,0.0323,-0.0163,0.0325,0.0001
202201,-0.0616,-0.0593,0.1286,0.00
202202,-0.0228,0.0216,0.0306,0.00
202203,0.0308,-0.0155,-0.019,0.00
202204,-0.0941,-0.0135,0.0618,0.00
202205,-0.0034,-0.0184,0.0844,0.0003
202206,-0.084,0.0207,-0.06,0.0006
202207,0.0957,0.0286,-0.0413,0.0008
202208,-0.0377,0.0141,0.0018,0.0019
202209,-0.0934,-0.0076,0.0003,0.0019
202210,0.0785,0.0001,0.0797,0.0023
202211,0.0465,-0.0357,0.0148,0.0029
202212,-0.0638,-0.0076,0.0134,0.0033
202301,0.0661,0.0501,-0.0394,0.0035
202302,-0.0257,0.0105,-0.008,0.0034
202303,0.0248,-0.0548,-0.0905,0.0036
202304,0.0062,-0.0337,-0.0012,0.0035
202305,0.0034,0.016,-0.0779,0.0036
202306,0.0646,0.0149,-0.0013,0.004
202307,0.0321,0.0205,0.0406,0.0045
202308,-0.0236,-0.0313,-0.0115,0.0045
202309,-0.0523,-0.025,0.015,0.0043
202310,-0.0315,-0.0387,0.0022,0.0047
202311,0.0888,-0.0011,0.0166,0.0044
202312,0.0485,0.0628,0.0487,0.0043
202401,0.0073,-0.0504,-0.0237,0.0047
202402,0.0507,-0.0026,-0.0343,0.0042
202403,0.0284,-0.025,0.0416,0.0043
202404,-0.0465,-0.0238,-0.0045,0.0047
202405,0.0433,0.0053,-0.0133,0.0044
202406,0.028,-0.03,-0.0336,0.0041
202407,0.0122,0.0681,0.0557,0.0045
202408,0.016,-0.0349,-0.0113,0.0048
202409,0.0172,-0.0013,-0.0273,0.004
202410,-0.01,-0.0095,0.0091,0.0039
202411,0.0649,0.0449,0.0038,0.004
202412,-0.0317,-0.027,-0.0297,0.0037
202501,0.028,-0.02,0.0176,0.0037
202502,-0.0244,-0.0577,0.0484,0.0033
202503,-0.0639,-0.0272,0.0287,0.0034
202504,-0.0084,-0.0057,-0.0329,0.0035
202505,0.0606,0.0061,-0.0281,0.0038
202506,0.0486,0.0071,-0.0143,0.0034
202507,0.0198,0.003,-0.0134,0.0034
202508,0.0184,0.038,0.0437,0.0038
202509,0.0339,-0.0183,-0.0105,0.0033
202510,0.0196,-0.0057,-0.0318,0.0037
202511,-0.0013,0.004,0.0376,0.003
202512,-0.0036,-0.0104,0.024,0.0034
