month,vwretd,RF,mkt_rf_constructed,mkt_rf_official,difference
200001,-0.039622,0.0041,-0.043722,-0.0474,0.003678
200002,0.031760,0.0043,0.027460,0.0246,0.002860
200003,0.053499,0.0047,0.048799,0.0521,-0.003301
200004,-0.059519,0.0046,-0.064119,-0.0639,-0.000219
200005,-0.038863,0.005,-0.043863,-0.0439,0.000037
200006,0.051576,0.004,0.047576,0.0468,0.000776
200007,-0.017679,0.0048,-0.022479,-0.0248,0.002321
200008,0.074984,0.005,0.069984,0.0703,-0.000316
200009,-0.051154,0.0051,-0.056254,-0.0544,-0.001854
200010,-0.024480,0.0056,-0.030080,-0.0278,-0.002280
200011,-0.102365,0.0051,-0.107465,-0.107,-0.000465
200012,0.020449,0.005,0.015449,0.0118,0.003649
200101,0.039573,0.0054,0.034173,0.0325,0.001673
200102,-0.099084,0.0038,-0.102884,-0.1003,-0.002584
200103,-0.070408,0.0042,-0.074608,-0.0725,-0.002108
200104,0.083834,0.0039,0.079934,0.0793,0.000634
200105,0.010442,0.0032,0.007242,0.0068,0.000442
200106,-0.017561,0.0028,-0.020361,-0.0194,-0.000961
200107,-0.018284,0.003,-0.021284,-0.0213,0.000016
200108,-0.058980,0.0031,-0.062080,-0.064,0.001920
200109,-0.091497,0.0028,-0.094297,-0.0924,-0.001897
200110,0.027847,0.0022,0.025647,0.0248,0.000847
200111,0.078789,0.0017,0.077089,0.0753,0.001789
200112,0.017854,0.0015,0.016354,0.0161,0.000254
200201,-0.015966,0.0014,-0.017366,-0.0144,-0.002966
200202,-0.021700,0.0013,-0.023000,-0.023,0.000000
200203,0.044698,0.0013,0.043398,0.0424,0.000998
200204,-0.049600,0.0015,-0.051100,-0.0521,0.001000
200205,-0.010510,0.0014,-0.011910,-0.0136,0.001690
200206,-0.070259,0.0013,-0.071559,-0.0723,0.000741
200207,-0.081124,0.0015,-0.082624,-0.0819,-0.000724
200208,0.007949,0.0014,0.006549,0.005,0.001549
200209,-0.099923,0.0014,-0.101323,-0.1034,0.002077
200210,0.074940,0.0014,0.073540,0.0784,-0.004860
200211,0.061281,0.0012,0.060081,0.0596,0.000481
200212,-0.053335,0.0011,-0.054435,-0.0576,0.003165
200301,-0.023367,0.001,-0.024367,-0.0257,0.001333
200302,-0.015417,0.0009,-0.016317,-0.0188,0.002483
200303,0.010321,0.001,0.009321,0.0109,-0.001579
200304,0.082768,0.001,0.081768,0.0818,-0.000032
200305,0.063471,0.0009,0.062571,0.0605,0.002071
200306,0.016346,0.001,0.015346,0.0142,0.001146
200307,0.023112,0.0007,0.022412,0.0233,-0.000888
200308,0.024965,0.0007,0.024265,0.0233,0.000965
200309,-0.009120,0.0008,-0.009920,-0.0124,0.002480
200310,0.060361,0.0007,0.059661,0.0608,-0.001139
200311,0.016594,0.0007,0.015894,0.0135,0.002394
200312,0.045476,0.0008,0.044676,0.0429,0.001776
200401,0.023042,0.0007,0.022342,0.0215,0.000842
200402,0.015443,0.0006,0.014843,0.014,0.000843
200403,-0.010662,0.0009,-0.011562,-0.0132,0.001638
200404,-0.024222,0.0008,-0.025022,-0.0181,-0.006922
200405,0.014068,0.0006,0.013468,0.0118,0.001668
200406,0.021611,0.0008,0.020811,0.0185,0.002311
200407,-0.037698,0.001,-0.038698,-0.0404,0.001702
200408,0.002703,0.0011,0.001603,0.0007,0.000903
200409,0.020556,0.0011,0.019456,0.016,0.003456
200410,0.017806,0.0011,0.016706,0.0142,0.002506
200411,0.048214,0.0015,0.046714,0.0453,0.001414
200412,0.035170,0.0016,0.033570,0.0342,-0.000630
200501,-0.026546,0.0016,-0.028146,-0.0275,-0.000646
200502,0.022646,0.0016,0.021046,0.0188,0.002246
200503,-0.016944,0.0021,-0.019044,-0.0194,0.000356
200504,-0.025206,0.0021,-0.027306,-0.0261,-0.001206
200505,0.037954,0.0024,0.035554,0.0365,-0.000946
200506,0.011529,0.0023,0.009229,0.0058,0.003429
200507,0.043357,0.0024,0.040957,0.0392,0.001757
200508,-0.005958,0.003,-0.008958,-0.012,0.003042
200509,0.010600,0.0029,0.007700,0.0048,0.002900
200510,-0.020866,0.0027,-0.023566,-0.0204,-0.003166
200511,0.040326,0.0031,0.037226,0.0361,0.001126
200512,0.003458,0.0032,0.000258,-0.0024,0.002658
200601,0.040072,0.0035,0.036572,0.0303,0.006272
200602,-0.001639,0.0034,-0.005039,-0.003,-0.002039
200603,0.019065,0.0037,0.015365,0.0147,0.000665
200604,0.013000,0.0036,0.009400,0.0073,0.002100
200605,-0.031032,0.0043,-0.035332,-0.0356,0.000268
200606,-0.000391,0.004,-0.004391,-0.0035,-0.000891
200607,-0.001912,0.004,-0.005912,-0.0077,0.001788
200608,0.025041,0.0042,0.020841,0.0203,0.000541
200609,0.019425,0.0041,0.015325,0.0184,-0.003075
200610,0.037153,0.0041,0.033053,0.0322,0.000853
200611,0.023737,0.0042,0.019537,0.017,0.002537
200612,0.010857,0.004,0.006857,0.0085,-0.001643
200701,0.019387,0.0044,0.014987,0.0138,0.001187
200702,-0.014006,0.0038,-0.017806,-0.0196,0.001794
200703,0.012954,0.0043,0.008654,0.0071,0.001554
200704,0.039834,0.0044,0.035434,0.0349,0.000534
200705,0.038953,0.0041,0.034853,0.0323,0.002553
200706,-0.014747,0.004,-0.018747,-0.0196,0.000853
200707,-0.031790,0.004,-0.035790,-0.0372,0.001410
200708,0.011593,0.0042,0.007393,0.0094,-0.002007
200709,0.040822,0.0032,0.037622,0.0322,0.005422
200710,0.025910,0.0032,0.022710,0.0179,0.004810
200711,-0.049362,0.0034,-0.052762,-0.048,-0.004762
200712,-0.004405,0.0027,-0.007105,-0.0087,0.001595
200801,-0.062218,0.0021,-0.064318,-0.0633,-0.001018
200802,-0.021697,0.0013,-0.022997,-0.0309,0.007903
200803,-0.010444,0.0017,-0.012144,-0.0094,-0.002744
200804,0.051199,0.0018,0.049399,0.0461,0.003299
200805,0.023935,0.0018,0.022135,0.0187,0.003435
200806,-0.078436,0.0017,-0.080136,-0.0843,0.004164
200807,-0.013413,0.0015,-0.014913,-0.0075,-0.007413
200808,0.010597,0.0013,0.009297,0.0153,-0.006003
200809,-0.098172,0.0015,-0.099672,-0.0935,-0.006172
200810,-0.184833,0.0008,-0.185633,-0.172,-0.013633
200811,-0.084681,0.0003,-0.084981,-0.0774,-0.007581
200812,0.022232,0.00,0.022232,0.0177,0.004532
200901,-0.077471,0.00,-0.077471,-0.0809,0.003429
200902,-0.100166,0.0001,-0.100266,-0.1014,0.001134
200903,0.086803,0.0002,0.086603,0.0901,-0.003497
200904,0.109466,0.0001,0.109366,0.1017,0.007666
200905,0.067787,0.00,0.067787,0.0521,0.015687
200906,-0.003019,0.0001,-0.003119,0.0042,-0.007319
200907,0.081779,0.0001,0.081679,0.0774,0.004279
200908,0.031510,0.0001,0.031410,0.0333,-0.001890
200909,0.045281,0.0001,0.045181,0.0408,0.004381
200910,-0.028072,0.00,-0.028072,-0.0253,-0.002772
200911,0.057075,0.00,0.057075,0.0563,0.000775
200912,0.028475,0.0001,0.028375,0.028,0.000375
201001,-0.037172,0.00,-0.037172,-0.0335,-0.003672
201002,0.034744,0.00,0.034744,0.0339,0.000844
201003,0.063668,0.0001,0.063568,0.063,0.000568
201004,0.020036,0.0001,0.019936,0.0199,0.000036
201005,-0.079240,0.0001,-0.079340,-0.079,-0.000340
201006,-0.050780,0.0001,-0.050880,-0.0556,0.004720
201007,0.070360,0.0001,0.070260,0.0692,0.001060
201008,-0.042863,0.0001,-0.042963,-0.0478,0.004837
201009,0.091628,0.0001,0.091528,0.0955,-0.003972
201010,0.038591,0.0001,0.038491,0.0387,-0.000209
201011,0.005117,0.0001,0.005017,0.0059,-0.000883
201012,0.067182,0.0001,0.067082,0.0682,-0.001118
201101,0.019183,0.0001,0.019083,0.0198,-0.000717
201102,0.038156,0.0001,0.038056,0.0348,0.003256
201103,0.003341,0.0001,0.003241,0.0045,-0.001259
201104,0.028597,0.00,0.028597,0.029,-0.000403
201105,-0.014948,0.00,-0.014948,-0.0127,-0.002248
201106,-0.018447,0.00,-0.018447,-0.0174,-0.001047
201107,-0.022534,0.00,-0.022534,-0.0235,0.000966
201108,-0.057564,0.0001,-0.057664,-0.0596,0.001936
201109,-0.084983,0.00,-0.084983,-0.0758,-0.009183
201110,0.114146,0.00,0.114146,0.1133,0.000846
201111,-0.006270,0.00,-0.006270,-0.0027,-0.003570
201112,0.003676,0.00,0.003676,0.0075,-0.003824
201201,0.054106,0.00,0.054106,0.0505,0.003606
201202,0.041225,0.00,0.041225,0.0442,-0.002975
201203,0.024020,0.00,0.024020,0.0312,-0.007180
201204,-0.006829,0.00,-0.006829,-0.0085,0.001671
201205,-0.065590,0.0001,-0.065690,-0.0617,-0.003990
201206,0.038151,0.00,0.038151,0.0389,-0.000749
201207,0.010307,0.00,0.010307,0.0079,0.002407
201208,0.026317,0.0001,0.026217,0.0254,0.000817
201209,0.026513,0.0001,0.026413,0.0273,-0.000887
201210,-0.014055,0.0001,-0.014155,-0.0176,0.003445
201211,0.006217,0.0001,0.006117,0.0078,-0.001683
201212,0.012569,0.0001,0.012469,0.0118,0.000669
201301,0.054142,0.00,0.054142,0.0557,-0.001558
201302,0.008282,0.00,0.008282,0.0128,-0.004518
201303,0.035295,0.00,0.035295,0.0404,-0.005105
201304,0.014939,0.00,0.014939,0.0156,-0.000661
201305,0.019128,0.00,0.019128,0.028,-0.008872
201306,-0.015072,0.00,-0.015072,-0.012,-0.003072
201307,0.052658,0.00,0.052658,0.0565,-0.003842
201308,-0.025750,0.00,-0.025750,-0.0271,0.001350
201309,0.037497,0.00,0.037497,0.0377,-0.000203
201310,0.039888,0.00,0.039888,0.0417,-0.001812
201311,0.024956,0.00,0.024956,0.0311,-0.006144
201312,0.026140,0.00,0.026140,0.0281,-0.001960
201401,-0.030020,0.00,-0.030020,-0.0332,0.003180
201402,0.046198,0.00,0.046198,0.0466,-0.000402
201403,0.004540,0.00,0.004540,0.0043,0.000240
201404,0.001573,0.00,0.001573,-0.0018,0.003373
201405,0.020254,0.00,0.020254,0.0205,-0.000246
201406,0.027973,0.00,0.027973,0.026,0.001973
201407,-0.020555,0.00,-0.020555,-0.0203,-0.000255
201408,0.040205,0.00,0.040205,0.0424,-0.002195
201409,-0.025196,0.00,-0.025196,-0.0196,-0.005596
201410,0.021164,0.00,0.021164,0.0251,-0.003936
201411,0.021104,0.00,0.021104,0.0256,-0.004496
201412,-0.003659,0.00,-0.003659,-0.0005,-0.003159
201501,-0.027163,0.00,-0.027163,-0.031,0.003837
201502,0.055915,0.00,0.055915,0.0613,-0.005385
201503,-0.010397,0.00,-0.010397,-0.0111,0.000703
201504,0.008766,0.00,0.008766,0.0059,0.002866
201505,0.010277,0.00,0.010277,0.0137,-0.003423
201506,-0.019231,0.00,-0.019231,-0.0152,-0.004031
201507,0.012108,0.00,0.012108,0.0157,-0.003592
201508,-0.059926,0.00,-0.059926,-0.0602,0.000274
201509,-0.033756,0.00,-0.033756,-0.0306,-0.003156
201510,0.073937,0.00,0.073937,0.0775,-0.003563
201511,0.002404,0.00,0.002404,0.0057,-0.003296
201512,-0.022209,0.0001,-0.022309,-0.0215,-0.000809
201601,-0.057085,0.0001,-0.057185,-0.0574,0.000215
201602,0.000620,0.0002,0.000420,-0.0006,0.001020
201603,0.070491,0.0002,0.070291,0.0695,0.000791
201604,0.011718,0.0001,0.011618,0.0092,0.002418
201605,0.014340,0.0001,0.014240,0.0178,-0.003560
201606,0.002947,0.0002,0.002747,-0.0003,0.003047
201607,0.038815,0.0002,0.038615,0.0394,-0.000785
201608,0.002800,0.0002,0.002600,0.0049,-0.002300
201609,0.003013,0.0002,0.002813,0.0027,0.000113
201610,-0.021544,0.0002,-0.021744,-0.0201,-0.001644
201611,0.040488,0.0001,0.040388,0.0486,-0.008212
201612,0.018763,0.0003,0.018463,0.0181,0.000363
201701,0.022153,0.0004,0.021753,0.0194,0.002353
201702,0.032598,0.0004,0.032198,0.0355,-0.003302
201703,0.002062,0.0003,0.001762,0.0017,0.000062
201704,0.009655,0.0005,0.009155,0.0108,-0.001645
201705,0.009335,0.0006,0.008735,0.0107,-0.001965
201706,0.009571,0.0006,0.008971,0.0079,0.001071
201707,0.020277,0.0007,0.019577,0.0188,0.000777
201708,0.001600,0.0009,0.000700,0.0018,-0.001100
201709,0.023729,0.0009,0.022829,0.0249,-0.002071
201710,0.019275,0.0009,0.018375,0.0226,-0.004225
201711,0.027231,0.0008,0.026431,0.0312,-0.004769
201712,0.012122,0.0009,0.011222,0.0106,0.000622
201801,0.050577,0.0011,0.049477,0.0558,-0.006323
201802,-0.039454,0.0011,-0.040554,-0.0364,-0.004154
201803,-0.018421,0.0012,-0.019621,-0.0235,0.003879
201804,0.004679,0.0014,0.003279,0.0027,0.000579
201805,0.026146,0.0014,0.024746,0.0266,-0.001854
201806,0.005359,0.0014,0.003959,0.0049,-0.000941
201807,0.031573,0.0016,0.029973,0.032,-0.002027
201808,0.030226,0.0016,0.028626,0.0345,-0.005874
201809,0.000425,0.0015,-0.001075,0.0006,-0.001675
201810,-0.074045,0.0019,-0.075945,-0.0765,0.000555
201811,0.018512,0.0018,0.016712,0.0171,-0.000388
201812,-0.089890,0.0019,-0.091790,-0.0955,0.003710
201901,0.088294,0.0021,0.086194,0.0837,0.002494
201902,0.032724,0.0018,0.030924,0.0342,-0.003276
201903,0.012962,0.0019,0.011062,0.011,0.000062
201904,0.037893,0.0021,0.035793,0.0397,-0.003907
201905,-0.061679,0.0021,-0.063779,-0.0692,0.005421
201906,0.067279,0.0018,0.065479,0.0699,-0.004421
201907,0.011854,0.0019,0.009954,0.0123,-0.002346
201908,-0.020339,0.0016,-0.021939,-0.0255,0.003561
201909,0.016033,0.0018,0.014233,0.0141,0.000133
201910,0.019257,0.0015,0.017757,0.0207,-0.002943
201911,0.034999,0.0012,0.033799,0.0387,-0.004901
201912,0.028489,0.0014,0.027089,0.0277,-0.000611
202001,-0.001728,0.0013,-0.003028,-0.0011,-0.001928
202002,-0.077918,0.0012,-0.079118,-0.0815,0.002382
202003,-0.141733,0.0012,-0.142933,-0.1337,-0.009233
202004,0.129674,0.00,0.129674,0.136,-0.006326
202005,0.053739,0.0001,0.053639,0.0557,-0.002061
202006,0.025299,0.0001,0.025199,0.0245,0.000699
202007,0.055532,0.0001,0.055432,0.0583,-0.002868
202008,0.068442,0.0001,0.068342,0.0762,-0.007858
202009,-0.035056,0.0001,-0.035156,-0.0364,0.001244
202010,-0.020178,0.0001,-0.020278,-0.0208,0.000522
202011,0.123707,0.0001,0.123607,0.1245,-0.000893
202012,0.045048,0.0001,0.044948,0.0463,-0.001352
202101,-0.000631,0.00,-0.000631,-0.0007,0.000069
202102,0.029196,0.00,0.029196,0.0281,0.001096
202103,0.030573,0.00,0.030573,0.0317,-0.001127
202104,0.048190,0.00,0.048190,0.0495,-0.001310
202105,0.007092,0.00,0.007092,0.003,0.004092
202106,0.023422,0.00,0.023422,0.0274,-0.003978
202107,0.011828,0.00,0.011828,0.0134,-0.001572
202108,0.027146,0.00,0.027146,0.0294,-0.002254
202109,-0.042243,0.00,-0.042243,-0.044,0.001757
202110,0.064651,0.00,0.064651,0.0663,-0.001649
202111,-0.018351,0.00,-0.018351,-0.0158,-0.002551
202112,0.033341,0.0001,0.033241,0.0323,0.000941
202201,-0.059822,0.00,-0.059822,-0.0616,0.001778
202202,-0.021838,0.00,-0.021838,-0.0228,0.000962
202203,0.030506,0.00,0.030506,0.0308,-0.000294
202204,-0.089387,0.00,-0.089387,-0.0941,0.004713
202205,-0.002113,0.0003,-0.002413,-0.0034,0.000987
202206,-0.083997,0.0006,-0.084597,-0.084,-0.000597
202207,0.090351,0.0008,0.089551,0.0957,-0.006149
202208,-0.036233,0.0019,-0.038133,-0.0377,-0.000433
202209,-0.091323,0.0019,-0.093223,-0.0934,0.000177
202210,0.077394,0.0023,0.075094,0.0785,-0.003406
202211,0.052354,0.0029,0.049454,0.0465,0.002954
202212,-0.057120,0.0033,-0.060420,-0.0638,0.003380
202301,0.071823,0.0035,0.068323,0.0661,0.002223
202302,-0.024666,0.0034,-0.028066,-0.0257,-0.002366
202303,0.023950,0.0036,0.020350,0.0248,-0.004450
202304,0.008976,0.0035,0.005476,0.0062,-0.000724
202305,0.000709,0.0036,-0.002891,0.0034,-0.006291
202306,0.066183,0.004,0.062183,0.0646,-0.002417
202307,0.035617,0.0045,0.031117,0.0321,-0.000983
202308,-0.020608,0.0045,-0.025108,-0.0236,-0.001508
202309,-0.047391,0.0043,-0.051691,-0.0523,0.000609
202310,-0.028865,0.0047,-0.033565,-0.0315,-0.002065
202311,0.092053,0.0044,0.087653,0.0888,-0.001147
202312,0.053603,0.0043,0.049303,0.0485,0.000803
202401,0.007560,0.0047,0.002860,0.0073,-0.004440
202402,0.050583,0.0042,0.046383,0.0507,-0.004317
202403,0.032450,0.0043,0.028150,0.0284,-0.000250
202404,-0.042724,0.0047,-0.047424,-0.0465,-0.000924
202405,0.046552,0.0044,0.042152,0.0433,-0.001148
202406,0.026073,0.0041,0.021973,0.028,-0.006027
202407,0.019877,0.0045,0.015377,0.0122,0.003177
202408,0.021570,0.0048,0.016770,0.016,0.000770
202409,0.020970,0.004,0.016970,0.0172,-0.000230
202410,-0.008299,0.0039,-0.012199,-0.01,-0.002199
202411,0.064859,0.004,0.060859,0.0649,-0.004041
202412,-0.031581,0.0037,-0.035281,-0.0317,-0.003581
202501,0.032292,0.0037,0.028592,0.028,0.000592
202502,-0.017566,0.0033,-0.020866,-0.0244,0.003534
202503,-0.055123,0.0034,-0.058523,-0.0639,0.005377
202504,-0.003610,0.0035,-0.007110,-0.0084,0.001290
202505,0.061267,0.0038,0.057467,0.0606,-0.003133
202506,0.049246,0.0034,0.045846,0.0486,-0.002754
202507,0.019791,0.0034,0.016391,0.0198,-0.003409
202508,0.024122,0.0038,0.020322,0.0184,0.001922
202509,0.035626,0.0033,0.032326,0.0339,-0.001574
202510,0.019284,0.0037,0.015584,0.0196,-0.004016
202511,0.001997,0.003,-0.001003,-0.0013,0.000297
202512,0.001297,0.0034,-0.002103,-0.0036,0.001497
